Url;StatusCode
http://aleodessa.com/;-1
http://raduzhnyj.estatesaleodessa.com/;200
http://rapido.com.ua/;200
http://megamakler.com.ua/;200
http://fn.ua/;200
http://zabudovnyk.com.ua/;200
http://ua.trovit.com/;200
http://meget.kiev.ua/;200
http://vk.com/property_in_odessa;200
http://realt.aviso.ua/;200
http://etag.com.ua/;200
http://www.metry.ua/;200
http://mirkvartir.ua/;200
http://ok.ru/estatesale;200
http://domik.ua/;200
http://localmart.ua/;200
http://topsell.biz/;200
http://www.fotomakler.com.ua/;200
http://kinofilmi.com.ua;-1
http://country.ua/;200
http://kvartorg.com/;200
http://estkvartira.com.ua/;200
http://estatesaleodessa.com/;200
http://www.048.ua/;200
http://kinogid.com.ua;-1
http://videoinfo.org.ua;-1
http://kinospace.com.ua;-1
http://habaza.su;-1
http://relizer.org;-1
http://my-warez.info;-1
http://od.prostodom.ua/;200
http://vk.com/estatesaleodessa;200
http://olx.ua/;200
http://realt.ua/;200
http://www.kinobizarre.com;-1
http://kinoman.triolan.com.ua;-1
http://www.relizer.com.ua;200
http://mesto.ua/;200
http://proc.com.ua;-1
http://www.ozimka.com/;200
http://cric.com.ua;200
http://dirkino.com.ua;200
http://zhitlo.in.ua/ ;200
http://kinovdom.com;-1
http://megamir.org.ua;-1
http://www.aviso.ua/;200
http://obnovi.com;200
http://www.boax.ru;200
http://kanzas.ua/;200
http://www.mediashare.com.ua;200
http://www.gidmovie.ru;200
http://address.ua/;200
http://download-film.org.ua;-1
http://mirdomov.ua/;200
http://mixtorg.com.ua/;200
http://lekt.net.ua;-1
http://e-realty.com.ua/;200
http://vip-files.com;-1
http://loadkino.com;-1
http://kino-play.net;-1
http://onlineobzor.net;-1
http://www.vseocomp.com.ua;-1
http://kinoplay.com.ua;200
http://filmx.com.ua;-1
http://zapomni.org.ua;-1
http://br.mirkvartir.ua/;200
http://boxsoft.org.ua;-1
http://likefin.com;200
http://bizrealty.ua/;200
http://torrentsbum.org;200
http://shituf.net.ua;-1
http://moe-kino.net;200
http://www.mediaworld.com.ua;200
http://skachatfilm.info;-1
http://www.varez.com.ua;200
http://fullbox.tv;200
http://megashara.org;200
http://anlix.net;-1
http://mobilemovie.kiev.ua;-1
http://www.suus.su;200
http://www.mwlife.net;-1
http://www.invasion.com.ua;-1
http://filegryz.org.ua;-1
http://intervideo.org.ua;-1
http://alive.org.ua;200
http://aviavip.com;-1
http://ilushko.org.ua;-1
http://list-films.com;-1
http://www.belosnet.dn.ua;-1
http://starsoft.org.ua;-1
http://arribastudio.com;200
http://killbit.org.ua;-1
http://www.allfilms.com.ua;-1
http://vse-pro.com;-1
http://www.vse-putem.com;200
http://www.pro-vse.org.ua;200
http://instream.kiev.ua;-1
http://loadkino.org;-1
http://odessarealty.livejournal.com/;200
http://freeday.com.ua;-1
http://bestkinohits.com;-1
http://onlinekino.org.ua;-1
http://plutov.net;-1
http://kinomob.info;-1
http://kinopuls.net;-1
http://skachati.com;-1
http://kinoframes.net;200
http://www.kinorip.com.ua;200
http://www.kinolive.com.ua;200
http://kinomyz.dp.ua;-1
http://kinositem.org.ua;-1
http://skachat.name;-1
http://realty.yandex.ua/;200
http://www.down-cinema.com;-1
http://chustrik.info;-1
http://www.youtube.com/c/EstatesaleUa;200
https://plus.google.com/communities/108828367142618152371;200
http://sverlo.net;200
http://www.allnewsoft.com;-1
http://bigmany.net.ua;200
http://mega-shara.com.ua;-1
http://centerkino.info;-1
http://festsoft.ru;-1
http://dvdishka.com;-1
http://biz-kino.org.ua;-1
https://plus.google.com/+EstatesaleUa;200
http://dvdreliz.net;-1
http://sms-kino.net;-1
http://1warez.com.ua;-1
http://windows-zona.net;200
http://0936711487.aspo.biz/;200
http://supershara.net;200
http://directkino.com;200
http://free.te.ua;-1
http://bestload.net;-1
http://tvdom.an-ua.com/;200
http://megareliz.com;200
http://kinogorod.com;200
http://ejiki.info;-1
http://twitter.com/angelinaodessa;200
http://twitter.com/ES_Odessa;200
http://doa.org.ua;-1
http://x.kiev.ua;200
http://webid.pp.ua;-1
http://kinozal.eu;200
http://www.smotritel.net;-1
http://hd-blu-ray-films.net;-1
http://www.kinomos.com;-1
http://it-warez.com;-1
http://eragorn.com.ua;-1
http://film-nokia.com;-1
http://freeforall.com.ua;-1
http://ukrsoftportal.com.ua;-1
http://www.sharawarez.com;-1
https://www.facebook.com/realestateinOdessa;200
https://www.facebook.com/estatesaleodessa;200
http://zapasi.net;200
http://tumba.org.ua;-1
http://100pka.com;200
http://v7.org.ua;-1
http://new-files.org.ua;-1
http://ufogxcom.net;200
http://sky-bird.net;-1
http://morefiles.org;-1
http://mobiac.net;200
http://www.sartira.net;-1
http://evebest.net;-1
http://kinosbornik.net;200
http://new.onlineobzor.net;-1
http://babayka.info;200
http://adadeveloper.com;200
http://killfilms.ru;200
http://www.multiwarez.ru;200
http://pecypca.net;-1
http://ua-forsage.net;200
http://portal.md;-1
http://www.kinoxa.tv;200
http://softtut.com;200
http://smokinacesmovie.net;200
http://go2load.com;200
http://est.ua/;200
http://kino-torrents.ru;-1
http://super-portal.net;-1
http://ka4ai.net;200
http://zelenb.com;200
http://topfresh.ru;200
http://www.kinoreliz.biz;-1
http://torrent-free.ru;200
http://alexwild.ru;-1
http://yourway.org.ua;200
http://www.obnovi.com;200
http://soft-best.ws;200
http://kinomanu.com;200
http://www.newkinofilm.ru;-1
http://torrent-shara.net;200
http://www.gudnem.ru;-1
http://cinemacom.ru;200
http://moby2480.com.ua;200
http://dixata.org;200
http://www.1zona.ru;200
http://www.promotion.aha.ru;-1
http://allrip.net;200
http://kino-server.ru;200
http://proporno.org;200
http://www.maxset.net;-1
http://w-hdtv.ru;200
http://lastmovie.ru;200
http://usde.ru;200
http://vfilme.net;-1
http://medio-news.ru;-1
http://stoupthets.narod.ru;-1
http://micro-win.com;200
http://www.kino-archive.ru;200
http://warezokk.ru;200
http://lsasheveb.narod.ru;-1
http://www.enviros.info;200
http://www.vsenasharu.com;-1
http://freeloadz.net;200
http://vip-file.com.ua;-1
http://wareboom.ru;-1
http://cinemanet.org.ua;-1
http://warexru.com;-1
http://nvlq.com;200
http://gameshow.org.ua;-1
http://wantedsoft.org.ua;-1
http://freeprogs.kiev.ua;-1
http://kinovid.com;200
http://startgames.net.ua;-1
http://vozni.net;200
http://avatar-film.org.ua;-1
http://reliz.tv;-1
http://liveportal.org.ua;200
http://samoesamoe.com;200
http://content4y.info;-1
http://xlam.arhat.net.ua;-1
http://cinemamir.com;200
http://anutkina.info;200
http://getalbum.net;-1
http://vipzone.ws;-1
http://hdtv.zp.ua;200
http://6-6-6.org.ua;-1
http://www.filonet.ru;200
http://nolamers.net;200
http://gamesefir.ru;200
http://malinki.net;200
http://www.kinoxata.com.ua;-1
http://www.mnoga.net;200
http://series40.kiev.ua;200
http://news.mogilew.ws;200
http://mym0vie.ru;-1
http://moimirvideo.com;200
http://warrex.net;200
http://buzzmedia.ws;200
http://gospelvideo.ru;200
http://rapidzona.com;200
http://videomir.biz;200
http://mobirobi.info;200
http://diana.in.ua;200
http://terabit.biz;-1
http://huyamba.net;-1
http://devo4ku.net;-1
http://www.torrentik.com;200
http://catzone.ws;200
http://vipportal.ws;200
http://kino-love.pp.ua;-1
http://vkinokresle.ru;200
http://kamindelux.com.ua;-1
http://makportal.net;200
http://warez-portal.uz.ua;-1
http://www.redox.com.ua;200
http://letitbits.ru;200
http://crazybox.com.ua;-1
http://www.musicstorm.org;200
http://www.fontv.ru;200
http://www.igrnet.info;-1
http://danni-soft.ru;-1
http://www.skyrda.com;-1
http://mobine.ru;200
http://www.maxiwarez.ru;200
http://animebox.com.ua;200
http://xxx.neomaks.ru;-1
http://doxera.ru;-1
http://xrust.ru;200
http://laverov.com;200
http://miravi.biz;-1
http://letitbit.ws;200
http://www.vsekino.su;-1
http://www.sharelita.com;200
http://kipish.tv;-1
http://ripby.ru;200
http://softbomba.ru;200
http://www.4photoshop.net;200
http://mrlupen.com;200
http://www.softbiznes.ru;200
http://needwarez.ru;-1
http://www.avatars.capa.ru;-1
http://pandorium.net;200
http://www.oslika.net;-1
http://3d-filmy.ru;-1
http://themes9x.ru;-1
http://press.alt.az;-1
http://www.freesha.net;200
http://cyberik.ru;200
http://superusd.ru;-1
http://3qwarez.com;200
http://ruszona.in;-1
http://nebo.in.ua;200
http://gigant-game.ru;-1
http://overinfo.in.md;-1
http://ruszona.ru;-1
http://www.tpsoft.ru;-1
http://warezzz.info;-1
http://www.basicbox.ru;-1
http://www.all-platforms24.ru;-1
http://streetbox.ru;200
http://brilic.ru;-1
http://ipad-free.ru;-1
http://typik.ru;-1
http://dreamkino.net;200
http://webmegapolis.com;200
http://www.moywarez.com;200
http://www.megafilm.org.ua;-1
http://pozdravlalka.ru;200
http://kinokharkov.org.ua;-1
http://film-onlin.info;200
http://www.super-warez.com.ua;-1
http://arxiv.az;200
http://web-abc.ru;200
http://durinet.ru;200
http://ka4ek.net.ru;200
http://xtas.ru;200
http://onlinekino.biz;-1
http://peopleflow.biz;200
http://dirmovie.net;-1
http://fatall.org;200
http://uletno.info;200
http://www.xorosho.com;200
http://avatarcats.ru;200
http://mnogakino.com;-1
http://www.relizer.org;-1
http://blueray.in.ua;-1
http://www.ozonemedia.com.ua;-1
http://kino-share.org.ua;-1
http://bestfilms.net.ua;-1
http://4free.org.ua;-1
http://findfilm.org.ua;-1
http://xvideo.com.ua;-1
http://kinodrive.org.ua;-1
http://www.reallynews.info;-1
http://videokino.net;-1
http://www.allfilms.net.ua;-1
http://vidioonline.net;-1
http://status-vkontakte.com;-1
http://tutkino.biz;-1
http://new-kino.net;200
http://megafilm.kz;-1
http://freefilm.kiev.ua;-1
http://www.sinema.com.ua;-1
http://kinoeros.msk.ru;200
http://bestplay.org.ua;200
http://cinematograf.net;200
http://kinoclub.com.ua;-1
http://moviestape.com;200
http://relizfilms.com;-1
http://www.journal-plaza.net;200
http://320w.net;200
http://megawara.ws;200
http://www.reviewsoft.com.ua;-1
http://forallclub.info;-1
http://smi.dp.ua;200
http://windowz.if.ua;-1
http://newlast.net;-1
http://soft.rozetka.com.ua;200
http://www.symbian.net.ua;-1
http://www.mypocket.com.ua;-1
http://se-soft.com.ua;-1
http://www.prokino.in.ua;200
http://soft-files.net.ua;-1
http://soft.chuguev.net;-1
http://archick.com.ua;-1
http://woofex.ru;200
http://broportal.com;-1
http://filmovonline.net;200
http://novsportal.ru;-1
http://www.mysoftware.ws;200
http://ipguard.org.ua;-1
http://skisoft.com.ua;-1
http://www.kalitva.ru;200
http://newsoft.com.ua;200
http://borifan.com.ua;200
http://file-online.ru;200
http://www.yakaboo.ua;200
http://www.eurostar.com.ua;200
http://pyppet.com;200
http://radiolan.dp.ua;-1
http://onlykola.org.ua;200
http://realwm.biz;-1
http://home-soft.com.ua;200
http://freesoftspace.com;-1
http://softdok.com;200
http://my-nod32.ru;-1
http://1kino.com.ua;200
http://smartsoft.kiev.ua;200
http://nfile.org;-1
http://megalifes.net;200
http://www.zaza.net.ua;-1
http://stalina.net;200
http://www.kinoactors.ru;200
http://www.mir-knig.ru;200
http://www.warez-portal.kiev.ua;200
http://vipsite.ws;200
http://novirus.com.ua;-1
http://mnogosoft.com;-1
http://zonakino.net;200
http://vinwarez.com.ua;-1
http://soft24.tim.com.ua;200
http://softfiles.info;-1
http://webfiles.org.ua;-1
http://softwares.net.ua;-1
http://pocket-soft.com.ua;-1
http://mastersoft.dp.ua;-1
http://pos-troi.info;200
http://skachok.info;-1
http://premiumlife.biz;200
http://www.hotpro.ua/;200
http://warezof.net;-1
http://chaynikoff.net;-1
http://soft-filesnetua.s16.yourdomain.com.ua;200
http://scachat-besplatno.com.ua;-1
http://protv.net.ua;200
http://soft-neomak.net.ua;-1
http://zloy.net.ua;-1
http://ukrwerez.com;200
http://svwarez.org.ua;-1
http://www.dliavseh.info;-1
http://www.slavkino.net;-1
http://soft4free.com.ua;-1
http://ceeper.org.ua;-1
http://all4you.in.ua;200
http://kinoplay.rv.ua;-1
http://www.softnavigator.ru;-1
http://1024kbytes.com;200
http://softfree.co.ua;-1
http://pro100-soft.ru;200
http://mega-shara.biz;-1
http://tabulorasa.net;-1
http://www.cybersoft.ru;200
http://artjunkies.net;200
http://whiteportal.ru;-1
http://www.halyavka.com;200
http://www.softner.net;200
http://soft.triolan.com.ua;-1
http://ku4asofta.info;-1
http://dirrip.com;200
http://megabox.biz;-1
http://warez-slov.net;-1
http://narutozona.ru;200
http://www.vipportal.ws;200
http://krutok.ru;200
http://files4all.net;200
http://freeware.dn.ua;-1
http://grup.org.ua;-1
http://www.vhd-soft.com;200
http://dokkino.ru;200
http://topsoftkeys.info;-1
http://freebooks.com.ua;-1
http://kazachya.net;-1
http://www.myfilmix.ru;200
http://lfiles.net;-1
http://www.allrip.net;200
http://toosoft.ru;200
http://acersoft.ru;200
http://www.samoylenko.info;200
http://allgraf.pp.ua;200
http://ksa2.ws;200
http://video-online.com.ua;200
http://softsok.com;-1
http://jfilms.ru;200
http://goldplay.com.ua;-1
http://www.pofig.com;200
http://drwares.net;-1
http://yspex.com.ua;-1
http://moywarez.biz;-1
http://oborvalo.biz;-1
http://laguz.biz;-1
http://www.mastersoft.dp.ua;-1
http://wrzz.org.ua;-1
http://dubka.net;-1
http://wsya4ina.com;-1
http://bezpaleva.ru;-1
http://smart.trubka.ua;-1
http://alt-soft.info;-1
http://my-soft-blog.net;200
http://www.saitok.net;200
http://stalker.mk.ua;-1
http://2all.kiev.ua;200
http://installof.net;-1
http://epidemz.net;200
http://www.maicro-soft.com;200
http://www.armportal.ru;200
http://www.os9.ru;200
http://unlim.kiev.ua;-1
http://thevip.ws;200
http://templat.net;200
http://www.janchyk.com;200
http://nokia-funclub.net;-1
http://soft.freetheme.org;-1
http://nokia.freetheme.org;-1
http://ru.240x320.de;-1
http://smart-soft.org.ua;-1
http://yourwasteland.com;200
http://softoman.in;-1
http://winstyle.org;200
http://hlama.net.ua;-1
http://xitwarez.ru;-1
http://windows7-soft.ru;-1
http://setyp.org.ua;-1
http://apost.org.ua;-1
http://personality.ds8.ru;200
http://55mb.net;200
http://viennaos.net;200
http://otmakhov.org.ua;-1
http://ka4alo.net;-1
http://softgate.org.ua;-1
http://morevse.com.ua;-1
http://megafile.in.ua;-1
http://nay4ok.net;-1
http://soft.mobiclub.su;-1
http://gerovital.ru;-1
http://www.mir-soft.com.ua;-1
http://sichkarnya.org.ua;-1
http://freeware-soft.com;200
http://os-7.ru;200
http://www.softbest.info;-1
http://gold-load.com;-1
http://4ua.com.ua;200
http://all-soft.net.ru;200
http://ebazar.com.ua/;200
http://maxisoft.org.ua;200
http://file-loads.ru;200
http://nokia-temy.ru;200
http://sony.freetheme.org;200
http://vasily.net;200
http://vipservic.info;200
http://softomania.org.ua;200
http://top-files.net;200
http://windows7club.ru;200
http://w-mobil.ru;-1
http://uploadex.net;200
http://www.soft-best.net;200
http://fileclub.pp.ua;-1
http://www.oformi.net;200
http://www.softexia.ru;200
http://kinostar.us;200
http://zagruzim.info;-1
http://gomel-sat.net;200
http://funnysoft.com.ua;-1
http://nabiz.in.ua;-1
http://freezona.net;200
http://svew.net;200
http://www.java-trubka.org;-1
http://www.2daynews.net;200
http://sattarov.net;200
http://hyper-soft.ru;200
http://kingmob.kiev.ua;-1
http://gsmzone.com.ua;-1
http://7shop.su;-1
http://gutsoft.net.ua;-1
http://www.cybermob.ru;200
http://video-a.ru;-1
http://theme.mobiclub.su;-1
http://portalwarez.ru;-1
http://www.freetheme.org;200
http://piratski.ru;-1
http://4pda.info;200
http://pc-software.ru;200
http://pcsofta.info;-1
http://www.warebest.com;200
http://www.topse.ru;200
http://telesmart.ru;200
http://bitex.org;200
http://softoshara.net;-1
http://fromsoft.net;-1
http://sevensoft.org.ua;-1
http://ru-admin.net;200
http://www.gomel-sat.net;200
http://razvlekandex.ru;-1
http://progs.ws;200
http://www.vasily.net;200
http://program.if.ua;-1
http://taldon.ru;-1
http://xsmart.com.ua;200
http://xportable.ru;200
http://www.nokiaplanet.com;200
http://newfiles.ru;200
http://sumka.pp.ua;-1
http://www.norrest.com.ua;200
http://www.fromsoft.net;-1
http://softobit.ru;200
http://allthemesnokia.ru;200
http://magiklotto.com.ua;200
http://www.dl4all.com;-1
http://lastportal.ru;200
http://gigosoft.net;-1
http://soft-teleport.net;200
http://letitbit-files.ru;200
http://free-download4u.com;-1
http://www.sanshteyn.ru;200
http://aunas.net;200
http://digitalgrad.com;200
http://softlab-portable.ru;200
http://javabox.net;200
http://ukr-web.org.ua;200
http://rufiles.ru;200
http://dreamsounds.net;200
http://www.azgoth.org;-1
http://jester-soft.org.ua;-1
http://www.100kwt.net;-1
http://www.downturk.info;200
http://soft-warezportal.ru;200
http://www.4pda.com.ua;200
http://softmecto.ru;200
http://www.downarchive.com;200
http://comeoff.ru;200
http://www.portuser.ru;200
http://nokiabest.com;200
http://fileclub.biz;200
http://windowsdesign.ru;-1
http://www.rapidshare2download.net;200
http://www.kikobait.net;-1
http://mobisoft.com.ua;200
http://soft-soft.ru;200
http://ukr-soft.com;200
http://softorion.ru;200
http://phpfusion.org;-1
http://lykreciy.ru;200
http://doxera.ws;200
http://www.nigmae.net;-1
http://letitbit-files.net;200
http://listaem.com;200
http://f12.com.ua;200
http://allday.com.ua;200
http://graphic4share.com;200
http://bget.org.ua;-1
http://fleshkniga.com;-1
http://www.twistysdownload.com;200
http://pixeldesign.com.ua;-1
http://file-zone.org.ua;-1
http://pixelbrush.ru;200
http://metalclip.net;200
http://www.freshwap.net;-1
http://www.tinydl.com;200
http://hameleons.com;200
http://uafree.pp.ua;200
http://www.letitbit.ws;200
http://www.bati-referaty.net.ua;-1
http://www.inforoom.org.ua;-1
http://kopona.org;200
http://keosoft90.downarchive.com;200
http://megashara.org.ua;-1
http://samouchka.net;200
http://qpset.com;200
http://korobok.net;200
http://volrada.com.ua;-1
http://www.cinemahd.net;200
http://www.warezsklad.ru;-1
http://www.neoclipart.com;200
http://ramka.in.ua;-1
http://www.igromobile.net;200
http://car.km.ua;-1
http://grafomania.org.ua;200
http://giga-warez.co.ua;-1
http://for-foto.ru;-1
http://dofiga-softa.net;-1
http://oboi.net.sumy.ua;-1
http://allfiski.com;200
http://hire7.net;200
http://www.artgide.com;200
http://giga.satel.com.ua;200
http://picturedesign.info;200
http://allday.ru;200
http://www.multien.org;-1
http://itwid.ru;200
http://x-coders.net;200
http://www.gzweb.ru;200
http://allfordesign.com.ua;-1
http://ps-da.net;200
http://torentik.info;-1
http://allgraf.net;200
http://www.rapidsharegfx.com;200
http://www.design-warez.ru;200
http://web-workspace.ru;200
http://dliavseh.info;-1
http://www.avatarkafree.ru;200
http://bk-astana.kz;-1
http://clipset.ru;-1
http://nifiga-sebe.ru;200
http://www.studiana.ru;-1
http://privarok.ru;200
http://www.photoshopcs5.ru;-1
http://allfreed.ru;-1
http://www.0lik.ru;200
http://www.gotikmoda.design-warez.ru;-1
http://psart.ru;200
http://www.ru-boss.com;-1
http://www.949.vps.agava.net;-1
http://1musik.ru;-1
http://skyclipart.ru;200
http://eglass.com.ua;200
http://burla.su;-1
http://www.niceportal.ru;200
http://xn--80apfevho6e.su;200
http://allpolus.com;200
http://deezy.ru;200
http://jollyrogerproject.ru;-1
http://divweb.ru;200
http://vdizayne.net;200
http://klipart48.ru;-1
http://photoshop.mnoga.net;-1
http://www.mir-grez.ru;200
http://artgrafica.net;200
http://randl.ru;200
http://2dtutorials.ru;200
http://newpicture.net;-1
http://fotoramkiforyou.ru;200
http://toppixel.ru;200
http://fotoshopik.ru;200
http://kucha-ramok.ru;-1
http://psd.name;200
http://all4design.ru;200
http://deslife.ru;200
http://photoshop-mystery.ru;-1
http://www.avaxdownload.com;200
http://juicymix.net;200
http://www.whitewarez.info;200
http://yarilka.ru;200
http://www.peachonka.ru;-1
http://psmasters.ru;200
http://karambas.ru;200
http://www.amatty.net;-1
http://tonkovo.ru;-1
http://www.mari.az;-1
http://kissalisa.ru;-1
http://www.photoshopcs.net;200
http://mazni.ru;200
http://freshof.net;-1
http://propsd.ru;200
http://www.rabotau.ru;200
http://dlon.ru;200
http://rylik.ru;200
http://www.1000designs.ru;200
http://bads.net.ru;-1
http://gooday.org;-1
http://www.photorainbow.ru;-1
http://www.photoshopcs4.info;-1
http://pc-graphics.ru;-1
http://exept.ru;200
http://photoramochka.ru;200
http://www.exitt.net;200
http://c0mpi.ru;-1
http://artcity.lv;-1
http://aforizm-new.ru;200
http://www.photoshopcs4.ru;200
http://www.propsd.ru;200
http://artbash.ru;200
http://www.domfailov.ru;200
http://uboino.ru;-1
http://densvi.com;200
http://www.s-warez.info;-1
http://www.uploder.ws;200
http://design.ru-deluxe.ru;200
http://www.xomiak.com;-1
http://www.deslife.ru;200
http://goldfun.ru;-1
http://gignez.ru;200
http://freevarez.ru;-1
http://www.mediazgalaxy.com;-1
http://ultradiz.ru;200
http://krizisam-net.ru;-1
http://www.shablonin.ru;-1
http://lybimieramochki.ru;-1
http://photoshopfiles.ru;200
http://photoshopia.su;200
http://sviden.ru;200
http://ps-plugin.ru;200
http://www.bit.am;-1
http://www.nve.msk.ru;200
http://ondb.ru;200
http://tinifile.ru;200
http://grafika.diffusion.mk.ua;200
http://insured.com.ua;200
http://www.porcelain-dent.com.ua;200
http://obuk.ru;-1
http://goldfengshui.com.ua;-1
http://webucoz.com;200
http://www.audioslovo.com.ua;200
http://www.capa.ru;200
http://dljaweb.ru;200
http://www.proff-diar.com;200
http://teplobaza.net.ua;-1
http://electrodance.org.ua;-1
http://mini-games.name;200
http://www.apost.org.ua;-1
http://7notes.info;-1
http://3drus.ru;200
http://web-mp3.info;200
http://www.tajikistan.nm.ru;200
http://www.vip-files.com;-1
http://zabudovnyky.com.ua;200
http://www.rapidsharedownload.net;200
http://all-mp3.in.ua;200
http://musicstorm.org;200
http://www.music-seria.net.ru;-1
http://yadrin.com;200
http://mp3portal.com.ua;-1
http://www.muzone.com.ua;-1
http://www.viettre.net;200
http://mp3.uzhgorod.name;200
http://www.adventus.info;200
http://uamp3.net;200
http://www.ultimateliga.com;200
http://foryoump3.com;200
http://deslife.net;200
http://labyrinth.com.ua;200
http://www.electrodance.org;200
http://www.radiolan.dp.ua;-1
http://only-music.org.ua;-1
http://albums2u.com;-1
http://www.rozvaga.info;200
http://myua.eu;-1
http://uacenter.net;200
http://kak-tak.com.ua;-1
http://bazaknig.org;200
http://loadinall.com;-1
http://mediaboom.org;200
http://m1r.su;200
http://xua.com.ua;-1
http://majorno.ru;-1
http://www.musicxxl.net;200
http://chillmix.org.ua;-1
http://music.triolan.com.ua;-1
http://52nn.net;-1
http://www.navigator-soft.ru;-1
http://pansib.net;200
http://www.tv.net.ua;200
http://djrafn.ru;200
http://www.mp3arena.ru;-1
http://int-music.net.ua;-1
http://www.wazzup.su;200
http://mp3-xit.net;-1
http://topmusic.su;200
http://dir.meta.ua;200
http://kinofilms.net.ua;-1
http://5music.ru;-1
http://allbestmusic.ru;-1
http://fantom2.org.ua;200
http://hitfm.ua;200
http://kamenskih.net;200
http://ostor.net;200
http://www.albumnew.ru;-1
http://muzvinegret.ucoz.ru;200
http://www.qusoft.net.ua;-1
http://muzfiles.com;200
http://www.vosmidesyatniki.com;200
http://mp3ski.net;-1
http://musicfolder.net;-1
http://3-mp3.ru;200
http://ka4alko.ru;-1
http://cottoc.net;200
http://xxxlmusic.com;200
http://mp3passion.net;200
http://musicxxl.info;-1
http://haleava.net;200
http://soft-ulet.ru;-1
http://muzwave.net;-1
http://mogilew.biz;-1
http://www.cybermusic.ru;200
http://mp3albom.com;200
http://babada.ru;200
http://nitki.net;-1
http://druzya.com;200
http://slavyan-rap.net;-1
http://softoka4alka.ru;-1
http://strana.az;200
http://mixenergy.ru;200
http://musix.in.ua;200
http://photoshop-kopona.com;200
http://256khz.ru;200
http://rusfree.net;200
http://filmix.net;200
http://videonasha.ru;200
http://cinemawww.info;-1
http://razdachi.com;-1
http://www.topic.lt;200
http://musicxxl.ws;-1
http://muzzona.net;200
http://www.kinosmak.ru;200
http://kinoteatr-online.com;200
http://zonewolf.ru;-1
http://gtor.org;-1
http://books.tr200.ru;200
http://puzkarapuz.ru;200
http://100kwt.net;-1
http://boxua.com.ua;-1
http://mp3zavod.com;-1
http://bestsoftbox.ru;-1
http://pansik.berdyansk.net;-1
http://kuzuza.ru;-1
http://muzlo.info;200
http://zizi.su;-1
http://djrogoff.ru;200
http://music.bissnes.net;-1
http://newhomesoft.msk.ru;200
http://vidoska.com;200
http://fyntik.net;200
http://maxfresh.org;200
http://vzone.ws;200
http://casper-x.com;-1
http://ydena.com;-1
http://tav.su;200
http://pc-live.ru;200
http://portalishe.com;-1
http://www.allbest4free.ru;200
http://otpada.net;200
http://www.tigriki.sumy.ua;-1
http://gold-topwm.org;-1
http://kinosee.ru;200
http://babyuser.ru;-1
http://irgen.co.cc;200
http://zakachka.com.ua;-1
http://portal-softa.ru;200
http://zaka4ka.org.ua;-1
http://news.job4it.net;200
http://history.kinoteatr-on-line.ru;200
http://www.allfree4you.net;200
http://www.veselyha.org.ua;-1
http://www.4read.org;-1
http://medlitera.net;-1
http://www.dzone.ru;200
http://programmist.eu;-1
http://www.novorossia.org;200
http://pravo.biz.ua;200
http://www.knigka.info;-1
http://itext.org.ua;-1
http://knigodrom.com;200
http://itknigi.net;200
http://ibooks.su;200
http://softlain.net;-1
http://www.alexalx-soft.com;-1
http://www.sevendays.com.ua;200
http://klasniy.ru;200
http://www.bitex.org;200
http://unix-world.ru;200
http://warezsklad.ru;-1
http://www.samoylenko.in.ua;-1
http://www.videozvuk.com;-1
http://x-tazz.ru;-1
http://depositlib.com;200
http://extrasait.ru;-1
http://worldforfree.net;200
http://moywarez.ru;200
http://hostwarez.ru;-1
http://ladyslife.com.ua;200
http://my.clubfeelings.net;-1
http://phishka.ru;200
http://gomelauto.com;200
http://realnews.su;200
http://www.raznosoft.com;-1
http://softrank.ru;200
http://ewgk.com;-1
http://capapink.org;-1
http://playtogame.ru;-1
http://scteam.ru;-1
http://lorwyn.net;-1
http://games.angelina.kiev.ua;-1
http://www.bookarchive.ru;-1
http://www.drvtorrent.com;200
http://booksmylife.info;-1
http://arizone.ru;200
http://null-team.com;200
http://vipinfo.ws;200
http://www.loads.com.ua;200
http://vipmain.ru;200
http://dota.satel.com.ua;200
http://uakino.com;-1
http://pocket-video.com.ua;-1
http://freebooks.net.ua;200
http://lectro.ru;-1
http://mirknig.com;-1
http://www.mirknig.com;-1
http://mylib.com.ua;-1
http://southflash.ru;-1
http://www.warezru.net;-1
http://best-files.ru;200
http://skynet.mk.ua;-1
http://pererva.net;-1
http://lu4wi-soft.pp.ua;-1
http://mobilochka.org;-1
http://www.alldesign.biz;-1
http://all-photoshop.ru;-1
http://colorworld.org;-1
http://www.endem.ru;-1
http://only-mp3.ru;-1
http://creep.ru;-1
http://www.flero.ru;-1
http://www.citysmile.ru;-1
